  {
  	"acp": {
  		"BBS_NAME": "ByteMaster's BBS",
  		"BBS_STACK": 65535,
  		"BBS_LOCATION": "BBS:",
  		"BBS_GEOGRAPHIC": "Virginia",
  		"NODES": 2,
  		"SYSOP_NAME": "ByteMaster",
  		"PRIORITY": 3,
  		"DONOTWAIT": null,
  		"ICONIFY.LEFTEDGE": 20,
  		"ICONIFY.TOPEDGE": 30,
  		"MULTICOM_PORT": null
  	},
  	"computerlist": {
  		"COMPUTER.NUM": 3,
  		"COMPUTER.1": "Amiga",
  		"COMPUTER.2": "IBM",
  		"COMPUTER.3": "Other"
  	},
  	"ConfConfig": {
  		"NCONFS": 2,
  		"RELATIVE_CONFERENCES": null,
  		"NAME.1": "New Users",
  		"LOCATION.1": "BBS:Confs/1/",
  		"NAME.2": "Public Domain",
  		"LOCATION.2": "BBS:Confs/2/"
  	},
  	"Confs": {
  		"1": {
  			"NDIRS": 1,
  			"ULPATH.1": "BBS:Confs/1/Upload/",
  			"DLPATH.1": "BBS:Confs/1/Upload/",
  			"Bulletins": {},
  			"Hold": {},
  			"LCFiles": {},
  			"MsgBase": {},
  			"Partupload": {},
  			"Upload": {},
  			"Vote": {}
  		},
  		"2": {
  			"NDIRS": 1,
  			"ULPATH.1": "BBS:Confs/2/Upload/",
  			"DLPATH.1": "BBS:Confs/2/Upload/",
  			"Bulletins": {},
  			"Hold": {},
  			"LCFiles": {},
  			"MsgBase": {},
  			"Partupload": {},
  			"Upload": {},
  			"Vote": {}
  		}
  	},

  	"Drives": {
  		"DRIVE.1": "BBS:"
  	},
  	"NamesNotAllowed": {
  		"NAME.1": "SYSOP",
  		"NAME.2": "ALL"
  	},
  	"Node0": {
  		"NODESTART": "bbs:express",
  		"PRIORITY": 2,
  		"CAPITOL_FILES": null,
  		"SYSOP_CHAT_COLOR": 31,
  		"USER_CHAT_COLOR": 40,
  		"KEEP_UPLOAD_CREDIT": 1,
  		"FREE_RESUMING": null,
  		"UD_LOG": null,
  		"CALLERS_LOG": null,
  		"IDLENODE": null,
  		"USERNUMBER_LOGIN": null,
  		"MODEM": {
  			"USR33600": {
  				"MODEM.INIT": "ATE0F1Q0V1X1S0=0S2=255S7=40S12=255",
  				"MODEM.RESET": "ATM1H0",
  				"MODEM.RING": "RING",
  				"MODEM.ANSWER": "ATA",
  				"MODEM.OFFHOOK": "ATH1M0"
  			}
  		},
  		"PLAYPEN": {},
  		"PARTUPLOAD": {},
  		"SERIAL": {
  			"LOCAL_UNIT": {
  				"SERIAL.UNIT": 0,
  				"SERIAL.BAUD": 115200
  			}
  		},
  		"WORK": {},
  		"TIMES.DEF": {
  			"START.9600": 0,
  			"END.9600": 2359,
  			"START.12000": 0,
  			"END.12000": 2359,
  			"START.14400": 0,
  			"END.14400": 2359,
  			"START.16800": 0,
  			"END.16800": 2359,
  			"START.19200": 0,
  			"END.19200": 2359,
  			"START.21600": 0,
  			"END.21600": 2359,
  			"START.24000": 0,
  			"END.24000": 2359,
  			"START.26400": 0,
  			"END.26400": 2359,
  			"START.28800": 0,
  			"END.28800": 2359,
  			"START.31200": 0,
  			"END.31200": 2359,
  			"START.33600": 0,
  			"END.33600": 2359,
  			"START.38400": 0,
  			"END.38400": 2359,
  			"START.57600": 0,
  			"END.57600": 2359,
  			"START.115200": 0,
  			"END.115200": 2359
  		},
  		"WINDOW.DEF": {
  			"WINDOW.NUM_COLORS": 8,
  			"WINDOW.LEFTEDGE": 0,
  			"WINDOW.TOPEDGE": 0,
  			"WINDOW.WIDTH": 640,
  			"WINDOW.HEIGHT": 200,
  			"WINDOW.INTERLACE": null
  		}
  	},

  	"Node1": {
  		"NODESTART": "bbs:express",
  		"PRIORITY": 2,
  		"CAPITOL_FILES": null,
  		"SYSOP_CHAT_COLOR": 31,
  		"USER_CHAT_COLOR": 40,
  		"KEEP_UPLOAD_CREDIT": 1,
  		"FREE_RESUMING": null,
  		"UD_LOG": null,
  		"CALLERS_LOG": null,
  		"IDLENODE": null,
  		"USERNUMBER_LOGIN": null,
  		"QUIETNODE": null,
  		"SCREENS": "BBS:Screens/Node/",
  		"MODEM": {
  			"USR33600": {
  				"MODEM.INIT": "ATE0F1Q0V1X1S0=0S2=255S7=40S12=255",
  				"MODEM.RESET": "ATM1H0",
  				"MODEM.RING": "RING",
  				"MODEM.ANSWER": "ATA",
  				"MODEM.OFFHOOK": "ATH1M0"
  			}
  		},
  		"PLAYPEN": {},
  		"PARTUPLOAD": {},
  		"SERIAL": {
  			"LOCAL_UNIT": {
  				"SERIAL.UNIT": 0,
  				"SERIAL.BAUD": 38400,
  				"SERIAL_DEVICE": "serial.device"
  			}
  		},
  		"WORK": {},
  		"TIMES.DEF": {
  			"START.9600": 0,
  			"END.9600": 2359,
  			"START.12000": 0,
  			"END.12000": 2359,
  			"START.14400": 0,
  			"END.14400": 2359,
  			"START.16800": 0,
  			"END.16800": 2359,
  			"START.19200": 0,
  			"END.19200": 2359,
  			"START.21600": 0,
  			"END.21600": 2359,
  			"START.24000": 0,
  			"END.24000": 2359,
  			"START.26400": 0,
  			"END.26400": 2359,
  			"START.28800": 0,
  			"END.28800": 2359,
  			"START.31200": 0,
  			"END.31200": 2359,
  			"START.33600": 0,
  			"END.33600": 2359,
  			"START.38400": 0,
  			"END.38400": 2359,
  			"START.57600": 0,
  			"END.57600": 2359,
  			"START.115200": 0,
  			"END.115200": 2359
  		},
  		"WINDOW.DEF": {
  			"WINDOW.NUM_COLORS": 8,
  			"WINDOW.LEFTEDGE": 0,
  			"WINDOW.TOPEDGE": 0,
  			"WINDOW.WIDTH": 640,
  			"WINDOW.HEIGHT": 200,
  			"WINDOW.INTERLACE": null
  		}
  	},

  	"ScreenTypes": {
  		"TITLE.1": "ANSI COLOR",
  		"TYPE.1": "TXT.GR"
  	},

  	"Access": {
  		"ACS.COMMENT_TO_SYSOP": null,
  		"ACS.DOWNLOAD": null,
  		"ACS.ENTER_MESSAGE": null,
  		"ACS.FILE_LISTINGS": null,
  		"ACS.JOIN_CONFERENCE": null,
  		"ACS.NEW_FILES_SINCE": null,
  		"ACS.PAGE_SYSOP": null,
  		"ACS.READ_MESSAGE": null,
  		"ACS.DISPLAY_USER_STATS": null,
  		"ACS.UPLOAD": null,
  		"ACS.VIEW_A_FILE": null,
  		"ACS.EDIT_USER_INFO": null,
  		"ACS.ZIPPY_TEXT_SEARCH": null,
  		"ACS.SHOW_PAYMENTS": null,
  		"ACS.EDIT_USER_NAME": null,
  		"ACS.EDIT_REAL_NAME": null,
  		"ACS.EDIT_INTERNET_NAME": null,
  		"ACS.EDIT_USER_LOCATION": null,
  		"ACS.EDIT_PHONE_NUMBER": null,
  		"ACS.READ_BULLETINS": null,
  		"ACS.FREE_RESUMING": null,
  		"ACS.ZOOM_MAIL": null,
  		"ACS.BREAK_CHAT": null,
  		"ACS.CONFFLAGS": null,
  		"ACS.WHO_IS_ONLINE": null,
  		"ACS.QUIET_NODE": null,
  		"ACS.VOTE": null,
  		"ACS.OLM": null,
  		"ACS.RELOGON": null,
  		"ACS.FILE_EXPANSION": null,
  		"ACS.PRI_MSGFILES": null,
  		"ACS.MAX_PAGES": 3,

  		"ACS.10": [
  			"ACS.ENTER_MESSAGE",
  			"ACS.PAGE_SYSOP",
  			"ACS.OVERRIDE_DEFAULTS"
  		],
  		"AREA.NEWUSER": [
  			"CONF.1"
  		],
  		"AREA.SYSOP": [
  			"CONF.1",
  			"CONF.2"
  		],
  		"Preset.1": {
  			"PRESET.AREA": "NEWUSER",
  			"PRESET.ACCESS": 10,
  			"PRESET.RATIO_TYPE": 2,
  			"PRESET.RATIO": 1,
  			"PRESET.DAILY_BYTE_LIMIT": 1000000,
  			"PRESET.TIME_LIMIT": 3000,
  			"PRESET.CONFRJOIN": 1
  		},
  		"Preset.2": {
  			"PRESET.AREA": "SYSOP",
  			"PRESET.ACCESS": 255,
  			"PRESET.RATIO_TYPE": 0,
  			"PRESET.RATIO": 0,
  			"PRESET.DAILY_BYTE_LIMIT": 1000000,
  			"PRESET.TIME_LIMIT": 2000,
  			"PRESET.CONFRJOIN": 2
  		}
  	},
  	"Commands": {
  		"BBSCmd": {},
  		"SysCmd": {}
  	},
  	"Doors": {},
  	"Screens": {
  		"Node": {}
  	},

  	"FCheck": {
  		"LHA": {
  			"CHECKER": "c:lha",
  			"OPTIONS": "-t",
  			"STACK": 20000,
  			"ERROR.1": "at least"
  		}
  	},

  	"Protocols": {
  		"XprTypes": {
  			"LIBRARY.1": "INTERNAL",
  			"TITLE.1": "/X ZMODEM"
  		}
  	},
  	"SysopStats": {},
  	"Zoom": {
  		"QWKCFG": {
  			"BBS.ID": "BYTBBS",
  			"BBS.NAME": "ByteMaster's BBS",
  			"BBS.NUMBER": "xxx-xxx-xxxx",
  			"BBS.ADDRESS": "Virginia"
  		},
  		"ASCPACK": {
  			"LHA": "c:LHA -z a",
  			"ZIP": "c:ZIP -k -j -0"
  		},
  		"QWKPACK": {
  			"LHA": "c:LHA -z a",
  			"ZIP": "c:ZIP -k -j -0"
  		}
  	}
  }