  {
      "acp": {
          "BBS_NAME": "yourbbsname",
          "BBS_STACK": 65535,
          "BBS_LOCATION": "BBS:",
          "BBS_GEOGRAPHIC": "bbslocation",
          "NODES": 2,
          "SYSOP_NAME": "sysopsname",
          "PRIORITY": 2,
          "DONOTWAIT": null,
          "ICONIFIED": null,
          "ICONIFY.LEFTEDGE": 5,
          "ICONIFY.TOPEDGE": 50,
          "MULTICOM_PORT": null,
          "NEW_ACCOUNTS": "APPEND"
      },
      "computerlist": {
          "COMPUTER.NUM": 2,
          "COMPUTER.1": "Amiga",
          "COMPUTER.2": "Other"
      },
      "ConfConfig": {
          "NCONFS": 3,
          "NAME.1": "Conf1Name",
          "LOCATION.1": "BBS:FIRSTCONFFOLDER/",
          "NAME.2": "Conf2Name",
          "LOCATION.2": "BBS:SECONDCONFFOLDER/",
          "NAME.3": "Conf3Name",
          "LOCATION.3": "BBS:THIRDCONFFOLDER/"
      },
      "FIRSTCONFFOLDER": {
          "NDIRS": 1,
          "ULPATH.1": "BBS:FIRSTCONFFOLDER/UPLOADS/",
          "DLPATH.1": "BBS:FIRSTCONFFOLDER/UPLOADS/",
          "(FREEDOWNLOADS)": null,
          "Hold": {},
          "LCFiles": {},
          "MsgBase": {},
          "Partupload": {},
          "Uploads": {},
          "Vote": {}
      },
      "SECONDCONFFOLDER": {
          "NDIRS": 1,
          "ULPATH.1": "BBS:SECONDCONFFOLDER/UPLOADS/",
          "DLPATH.1": "BBS:SECONDCONFFOLDER/UPLOADS/",
          "LOCAL_UPLOAD_PATH": "dh0:",
          "(FORCE_NEWSCAN)": null,
          "(FREEDOWNLOADS)": null,
          "Hold": {},
          "LCFiles": {},
          "MsgBase": {},
          "Partupload": {},
          "Uploads": {},
          "Vote": {}
      },
      "THIRDCONFFOLDER": {
          "NDIRS": 1,
          "ULPATH.1": "BBS:THIRDCONFFOLDER/UPLOADS/",
          "DLPATH.1": "BBS:THIRDCONFFOLDER/UPLOADS/",
          "LOCAL_UPLOAD_PATH": "dh0:",
          "(FORCE_NEWSCAN)": null,
          "(FREEDOWNLOADS)": null,
          "Hold": {},
          "LCFiles": {},
          "MsgBase": {},
          "Partupload": {},
          "Uploads": {},
          "Vote": {}
      },
      "Drives": {
          "DRIVE.1": "BBS:"
      },
      "NamesNotAllowed": {
          "NAME.1": "SYSOP",
          "NAME.2": "EALL"
      },
      "Node0": {
          "NODESTART": "bbs:express",
          "PRIORITY": 0,
          "CAPITOL_FILES": null,
          "SYSOP_CHAT_COLOR": 33,
          "USER_CHAT_COLOR": 32,
          "KEEP_UPLOAD_CREDIT": 1,
          "SCREENS": "BBS:Node0/Screens/",
          "FREE_RESUMING": null,
          "HDTRANSBUFFER": 1,
          "(NO_TIMEOUT)": null,
          "UD_LOG": null,
          "(NO_WILDCARD_EXPANSION)": null,
          "RINGCOUNT": 1,
          "(NAME_PROMPT=Login)": null,
          "CALLERS_LOG": null,
          "VIEW_PASSWORD": null,
          "(FILESNOTALLOWED=BBS:FCHECK/DUPE_LIST)": null,
          "DEBUG_LOG": null,
          "DEF_SCREENS": null,
          "EXPFONT": "P0T-NOODLE.FONT",
          "IDLENODE": null,
          "TELNETD": null,
          "CONSOLE_DEBUG": 3,
          "NAME_PROMPT": "give us ya name",
          "MAILSCAN_PROMPT": "scanning for aliens",
          "SHOWPWFAIL": null,
          "USERNUMBER_LOGIN": null,
          "NO_EMAILS": null,
          "OVERRIDE_TIMEOUT": 121,
          "NO_MCI_MSG": null,
          "BGFILECHECK": null,
          "MODEM": {
              "USR33600": {
                  "MODEM.INIT": "ATE0F1Q0V1X1S0=0S2=255S7=40S12=255",
                  "MODEM.RESET": "ATM1H0",
                  "MODEM.RING": "RING",
                  "MODEM.ANSWER": "ATA",
                  "MODEM.OFFHOOK": "ATH1M0"
              }
          },
          "PLAYPEN": {},
          "SERIAL": {
              "LOCAL_UNIT": {
                  "SERIAL.UNIT": 0,
                  "SERIAL.BAUD": 115200
              }
          },
          "WORK": {},
          "TIMES.DEF": {
              "START.9600": 0,
              "END.9600": 2359,
              "START.12000": 0,
              "END.12000": 2359,
              "START.14400": 0,
              "END.14400": 2359,
              "START.16800": 0,
              "END.16800": 2359,
              "START.19200": 0,
              "END.19200": 2359,
              "START.21600": 0,
              "END.21600": 2359,
              "START.24000": 0,
              "END.24000": 2359,
              "START.26400": 0,
              "END.26400": 2359,
              "START.28800": 0,
              "END.28800": 2359,
              "START.31200": 0,
              "END.31200": 2359,
              "START.33600": 0,
              "END.33600": 2359,
              "START.38400": 0,
              "END.38400": 2359,
              "START.57600": 0,
              "END.57600": 2359,
              "START.115200": 0,
              "END.115200": 2359
          },
          "WINDOW.DEF": {
              "WINDOW.NUM_COLORS": 8,
              "WINDOW.LEFTEDGE": 0,
              "WINDOW.TOPEDGE": 0,
              "WINDOW.WIDTH": 640,
              "WINDOW.HEIGHT": 256,
              "WINDOW.ICONIFIED": null,
              "WINDOW.INTERLACE)": null
          }
      },

      "Node1": {
          "NODESTART": "bbs:express",
          "PRIORITY": 1,
          "CAPITOL_FILES": null,
          "SYSOP_CHAT_COLOR": 33,
          "USER_CHAT_COLOR": 32,
          "KEEP_UPLOAD_CREDIT": 1,
          "SCREENS": "BBS:Node1/Screens/",
          "FREE_RESUMING": null,
          "HDTRANSBUFFER": 10,
          "UD_LOG": null,
          "NO_WILDCARD_EXPANSION": null,
          "RINGCOUNT": 1,
          "(NAME_PROMPT=Login)": null,
          "CALLERS_LOG": null,
          "VIEW_PASSWORD": null,
          "USERNAME": null,
          "SHOWPWFAIL": null,
          "(FILESNOTALLOWED=BBS:FCHECK/DUPE_LIST)": null,
          "DEBUG_LOG": null,
          "SCREENPENS": "343364703343",
          "CHAT_ON": null,
          "DEF_SCREENS": null,
          "EXPFONT": "P0T-NOODLE.FONT",
          "NEWUSER_PASSWORD": "yoshi",
          "IDLENODE": null,
          "SCREENTOFRONT": null,
          "MODEM": {
              "USR33600": {
                  "MODEM.INIT": "ATE0F1Q0V1X1S0=0S2=255S7=40S12=255",
                  "MODEM.RESET": "ATM1H0",
                  "MODEM.RING": "RING",
                  "MODEM.ANSWER": "ATA",
                  "MODEM.OFFHOOK": "ATH1M0"
              }
          },
          "PLAYPEN": {},
          "SERIAL": {
              "LOCAL_UNIT": {
                  "SERIAL.UNIT": 0,
                  "SERIAL.BAUD": 115200,
                  "SERIAL_DEVICE": "serial.device"
              }
          },
          "WORK": {},
          "TIMES.DEF": {
              "START.9600": 0,
              "END.9600": 2359,
              "START.12000": 0,
              "END.12000": 2359,
              "START.14400": 0,
              "END.14400": 2359,
              "START.16800": 0,
              "END.16800": 2359,
              "START.19200": 0,
              "END.19200": 2359,
              "START.21600": 0,
              "END.21600": 2359,
              "START.24000": 0,
              "END.24000": 2359,
              "START.26400": 0,
              "END.26400": 2359,
              "START.28800": 0,
              "END.28800": 2359,
              "START.31200": 0,
              "END.31200": 2359,
              "START.33600": 0,
              "END.33600": 2359,
              "START.38400": 0,
              "END.38400": 2359,
              "START.57600": 0,
              "END.57600": 2359,
              "START.115200": 0,
              "END.115200": 2359
          },
          "WINDOW.DEF": {
              "WINDOW.NUM_COLORS": 8,
              "WINDOW.LEFTEDGE": 0,
              "WINDOW.TOPEDGE": 0,
              "WINDOW.WIDTH": 640,
              "WINDOW.HEIGHT": 256,
              "WINDOW.ICONIFIED": null,
              "WINDOW.INTERLACE)": null
          }
      },

      "ScreenTypes": { },

      "Access": {
          "ACS.1": [
              "ACS.ENTER_MESSAGE",
              "ACS.EALL_MESSAGES"
          ],
          "ACS.10": [
              "ACS.COMMENT_TO_SYSOP",
              "ACS.UPLOAD",
              "ACS.PAGE_SYSOP",
              "ACS.DISPLAY_USER_STATS",
              "ACS.XPR_RECIEVE",
              "ACS.MAX_PAGES=5",
              "ACS.DUPE_FILECHECK"
          ],
          "ACS.100": [
              "ACS.READ_BULLETINS",
              "ACS.DELETE_MESSAGE",
              "ACS.WHO_IS_ONLINE",
              "ACS.ZOOM_MAIL",
              "ACS.COMMENT_TO_SYSOP",
              "ACS.DOWNLOAD",
              "ACS.UPLOAD",
              "ACS.ENTER_MESSAGE",
              "ACS.FILE_LISTINGS",
              "ACS.JOIN_CONFERENCE",
              "ACS.NEW_FILES_SINCE",
              "ACS.PAGE_SYSOP",
              "ACS.READ_MESSAGE",
              "ACS.DISPLAY_USER_STATS",
              "ACS.VIEW_A_FILE",
              "ACS.EDIT_USER_INFO",
              "ACS.EDIT_USER_LOCATION",
              "ACS.EDIT_PHONE_NUMBER",
              "ACS.EDIT_PASSWORD",
              "ACS.ZIPPY_TEXT_SEARCH",
              "ACS.FREE_RESUMING",
              "ACS.QUIET_NODE",
              "ACS.RELOGON",
              "ACS.XPR_RECEIVE",
              "ACS.XPR_SEND",
              "ACS.PUB_MSGFILES",
              "ACS.PRI_MSGFILES",
              "ACS.MAX_PAGES=5",
              "ACS.DUPE_FILECHECK",
              "ACS.FULL_EDIT",
              "ACS.CONFFLAGS",
              "ACS.VOTE",
              "ACS.OLM",
              "ACS.EALL_MESSAGES",
              "ACS.FILE_EXPANSION",
              "ACS.SHOW_PAYMENTS"
          ],

          "ACS.255": [
              "ACS.OVERRIDE_DEFAULTS",
              "ACS.ACCOUNT_EDITING",
              "ACS.READ_BULLETINS",
              "ACS.REMOTE_SHELL",
              "ACS.OVERRIDE_CHAT",
              "ACS.OVERRIDE_TIMES",
              "ACS.SYSOP_READ",
              "ACS.SYSOP_VIEW",
              "ACS.SYSOP_DOWNLOAD",
              "ACS.EALL_MESSAGES",
              "ACS.LIST_NODES",
              "ACS.DELETE_MESSAGE",
              "ACS.ATTACH_FILES",
              "ACS.MCI_MESSAGE",
              "ACS.EDIT_DIRS",
              "ACS.EDIT_FILES",
              "ACS.SYSOP_COMMANDS",
              "ACS.WHO_IS_ONLINE",
              "ACS.ZOOM_MAIL",
              "ACS.COMMENT_TO_SYSOP",
              "ACS.DOWNLOAD",
              "ACS.UPLOAD",
              "ACS.ENTER_MESSAGE",
              "ACS.FILE_LISTINGS",
              "ACS.JOIN_CONFERENCE",
              "ACS.NEW_FILES_SINCE",
              "ACS.PAGE_SYSOP",
              "ACS.READ_MESSAGE",
              "ACS.DISPLAY_USER_STATS",
              "ACS.VIEW_A_FILE",
              "ACS.EDIT_USER_INFO",
              "ACS.EDIT_USER_NAME",
              "ACS.EDIT_USER_LOCATION",
              "ACS.EDIT_PHONE_NUMBER",
              "ACS.EDIT_PASSWORD",
              "ACS.ZIPPY_TEXT_SEARCH",
              "ACS.BREAK_CHAT",
              "ACS.FREE_RESUMING",
              "ACS.QUIET_NODE",
              "ACS.RELOGON",
              "ACS.XPR_RECEIVE",
              "ACS.XPR_SEND",
              "ACS.ULSTATS",
              "ACS.PUB_MSGFILES",
              "ACS.PRI_MSGFILES",
              "ACS.DUPE_FILECHECK",
              "ACS.FULL_EDIT",
              "ACS.CONFFLAGS",
              "ACS.MODIFY_VOTE",
              "ACS.VOTE",
              "ACS.HIDE_FILES",
              "ACS.OLM",
              "ACS.CREDIT_ACCESS",
              "ACS.FILE_EXPANSION",
              "ACS.MCI_MESSAGE",
              "ACS.MESSAGE_EDIT",
              "ACS.EDIT_INTERNET_NAME",
              "ACS.EDIT_REAL_NAME",
              "ACS.TRANSLATION"
          ],
          "Area.NewUser": [
              "CONF.1"
          ],
          "Area.Normal": [
              "CONF.2",
              "CONF.3",
              "CONF.4"
          ],
          "Area.Sysop": [
              "CONF.1",
              "CONF.2",
              "CONF.3",
              "CONF.4"
          ],
          "Preset.1": {
              "PRESET.AREA": "NewUser",
              "PRESET.ACCESS": 10,
              "PRESET.RATIO_TYPE": 0,
              "PRESET.RATIO": 3,
              "PRESET.DAILY_BYTE_LIMIT": 0,
              "PRESET.TIME_LIMIT": 3600,
              "PRESET.CONFRJOIN": 1
          },
          "Preset.2": {
              "PRESET.AREA": "Normal",
              "PRESET.ACCESS": 100,
              "PRESET.RATIO_TYPE": 0,
              "PRESET.RATIO": 3,
              "PRESET.DAILY_BYTE_LIMIT": 5000000,
              "PRESET.TIME_LIMIT": 3600,
              "PRESET.CONFRJOIN": 2
          },
          "Preset.3": {
              "PRESET.AREA": "Sysop",
              "PRESET.ACCESS": 255,
              "PRESET.RATIO_TYPE": 0,
              "PRESET.RATIO": 0,
              "PRESET.DAILY_BYTE_LIMIT": 50000000,
              "PRESET.TIME_LIMIT": 60000,
              "PRESET.CONFRJOIN": 2
          }

      },
      "Commands": {
          "BBSCmd": {},
          "SysCmd": {}
      },
      "Doors": {},

      "FCheck": {},
      "Protocols": {
          "XprTypes": {
              "LIBRARY.1": "INTERNAL",
              "TITLE.1": "/X ZMODEM"
          }
      },
    "SysopStats": {}
  }